epoch,split,loss,acc,auc,num_samples,epoch_time_sec,score_threshold,num_signal,num_background,selected_signal,selected_background,purity,signal_efficiency,background_efficiency,background_rejection
1,train,0.7020948305726051,0.51171875,0.4971923828125,512,0.07883167266845703,0.85,256,256,0,0,,0.0,0.0,1.0
1,val,0.6651233434677124,0.5625,0.89453125,128,0.003058910369873047,0.85,64,64,0,0,,0.0,0.0,1.0
1,train_eval,0.6653765216469765,0.576171875,0.898468017578125,512,0.007848739624023438,0.85,256,256,0,0,,0.0,0.0,1.0
2,train,0.6452976986765862,0.6953125,0.7689208984375,512,0.029597997665405273,0.85,256,256,0,0,,0.0,0.0,1.0
2,val,0.5951199233531952,0.765625,0.923095703125,128,0.0021429061889648438,0.85,64,64,0,0,,0.0,0.0,1.0
2,train_eval,0.5940302908420563,0.791015625,0.9226837158203125,512,0.007905006408691406,0.85,256,256,0,0,,0.0,0.0,1.0
3,train,0.5482812114059925,0.8125,0.8903961181640625,512,0.027515888214111328,0.85,256,256,0,0,,0.0,0.0,1.0
3,val,0.44190193712711334,0.859375,0.9384765625,128,0.0021533966064453125,0.85,64,64,0,0,,0.0,0.0,1.0
3,train_eval,0.43897416070103645,0.857421875,0.93829345703125,512,0.007311820983886719,0.85,256,256,0,0,,0.0,0.0,1.0
